"--large-name8--","submitTopologyAfterRestart_call(String,String,org.apache.thrift7.async.AsyncMethodCallback<submitTopologyAfterRestart_call>,org.apache.thrift7.async.TAsyncClient,org.apache.thrift7.protocol.TProtocolFactory,org.apache.thrift7.transport.TNonblockingTransport)"
"--large-name4--","TopologyContext(StormTopology,Map,Map<Integer,String>,Map<String,List<Integer>>,Map<String,Map<String,Fields>>,String,String,String,Integer,Integer,List<Integer>,Map<String,Object>,Map<String,Object>,Map<String,Object>,Map,clojure.lang.Atom)"
"--large-name5--","killTopologyWithOpts_call(String,KillOptions,org.apache.thrift7.async.AsyncMethodCallback<killTopologyWithOpts_call>,org.apache.thrift7.async.TAsyncClient,org.apache.thrift7.protocol.TProtocolFactory,org.apache.thrift7.transport.TNonblockingTransport)"
"--large-name1--","killTopologyWithOpts_call(String,KillOptions,org.apache.thrift.async.AsyncMethodCallback<killTopologyWithOpts_call>,org.apache.thrift.async.TAsyncClient,org.apache.thrift.protocol.TProtocolFactory,org.apache.thrift.transport.TNonblockingTransport)"
"--large-name6--","submitTopologyWithOpts_call(String,String,String,StormTopology,SubmitOptions,org.apache.thrift7.async.AsyncMethodCallback<submitTopologyWithOpts_call>,org.apache.thrift7.async.TAsyncClient,org.apache.thrift7.protocol.TProtocolFactory,org.apache.thrift7.transport.TNonblockingTransport)"
"--large-name9--","getTopologyInfoByName_call(String,org.apache.thrift7.async.AsyncMethodCallback<getTopologyInfoByName_call>,org.apache.thrift7.async.TAsyncClient,org.apache.thrift7.protocol.TProtocolFactory,org.apache.thrift7.transport.TNonblockingTransport)"
"--large-name11--","TopologyContext(StormTopology,Map,Map<Integer,String>,Map<String,List<Integer>>,Map<String,Map<String,Fields>>,String,String,String,Integer,Integer,List<Integer>,Map<String,Object>,Map<String,Object>,Map<String,Object>,Map,clojure.lang.Atom,StormClusterState)"
"--large-name7--","submitTopology_call(String,String,String,StormTopology,org.apache.thrift7.async.AsyncMethodCallback<submitTopology_call>,org.apache.thrift7.async.TAsyncClient,org.apache.thrift7.protocol.TProtocolFactory,org.apache.thrift7.transport.TNonblockingTransport)"
"--large-name2--","submitTopology_call(String,String,String,StormTopology,org.apache.thrift.async.AsyncMethodCallback<submitTopology_call>,org.apache.thrift.async.TAsyncClient,org.apache.thrift.protocol.TProtocolFactory,org.apache.thrift.transport.TNonblockingTransport)"
"--large-name3--","submitTopologyWithOpts_call(String,String,String,StormTopology,SubmitOptions,org.apache.thrift.async.AsyncMethodCallback<submitTopologyWithOpts_call>,org.apache.thrift.async.TAsyncClient,org.apache.thrift.protocol.TProtocolFactory,org.apache.thrift.transport.TNonblockingTransport)"
"--large-name10--","submitTopologyWithOpts_call(String,String,String,StormTopology,SubmitOptions,org.apache.thrift.async.AsyncMethodCallback,org.apache.thrift.async.TAsyncClient,org.apache.thrift.protocol.TProtocolFactory,org.apache.thrift.transport.TNonblockingTransport)"